{"cameraMode":{"drawMode":0,"name":"Shaded","section":"Shading Mode"},"sceneLighting":true,"audioPlay":false,"sceneViewState":{"showFog":true,"showMaterialUpdate":false,"showSkybox":true,"showFlares":true,"showImageEffects":true,"showParticleSystems":true},"in2DMode":false,"pivot":{"x":45.904754638671878,"y":-9.147500991821289,"z":80.90839385986328},"rotation":{"x":0.4338759779930115,"y":0.00810441467911005,"z":-0.003903091885149479,"w":0.900928258895874},"size":40.05718231201172,"orthographic":false}